POS,COUNT,FREQ
22,1,0.166667
49,1,0.166667
96,1,0.166667
